{
  "checkpoint": "D:\\new\\models\\hic2fish_demo_retrained\\HiC2FISH-demo\\pretrained\\hic2fish.pt",
  "num_generated_cells": 100,
  "ddim_steps": 100,
  "eta": 0.0,
  "base_seed": 2026,
  "seeds": [
    2026,
    2027,
    2028,
    2029,
    2030,
    2031,
    2032,
    2033,
    2034,
    2035,
    2036,
    2037,
    2038,
    2039,
    2040,
    2041,
    2042,
    2043,
    2044,
    2045,
    2046,
    2047,
    2048,
    2049,
    2050,
    2051,
    2052,
    2053,
    2054,
    2055,
    2056,
    2057,
    2058,
    2059,
    2060,
    2061,
    2062,
    2063,
    2064,
    2065,
    2066,
    2067,
    2068,
    2069,
    2070,
    2071,
    2072,
    2073,
    2074,
    2075,
    2076,
    2077,
    2078,
    2079,
    2080,
    2081,
    2082,
    2083,
    2084,
    2085,
    2086,
    2087,
    2088,
    2089,
    2090,
    2091,
    2092,
    2093,
    2094,
    2095,
    2096,
    2097,
    2098,
    2099,
    2100,
    2101,
    2102,
    2103,
    2104,
    2105,
    2106,
    2107,
    2108,
    2109,
    2110,
    2111,
    2112,
    2113,
    2114,
    2115,
    2116,
    2117,
    2118,
    2119,
    2120,
    2121,
    2122,
    2123,
    2124,
    2125
  ],
  "centroid_pcc": 0.8612300006990127,
  "generated_mean_pairwise_pcc": 0.08041445657190884,
  "representative_cell_selection": false,
  "experimental_nearest_neighbor_search": false,
  "complete_fish_library_exported": false,
  "normalization_scalers": {
    "hic_min_train": 0.0,
    "hic_max_train": 1.2070000171661377,
    "dna_fish_min_train_um": 0.0,
    "dna_fish_max_train_um": 3.653564453125
  },
  "validity": {
    "finite": true,
    "negative_distance_fraction": 0.0,
    "symmetry_max_abs_error": 0.0,
    "diagonal_max_abs_value": 0.0,
    "numerically_valid": true
  },
  "visualization": {
    "visualization": "relative shape only",
    "coordinate_units": "dimensionless normalized units",
    "fish_centroid_median_distance_um": 0.5287996869160657,
    "generated_centroid_median_distance_um": 1.668630884193351,
    "fish_mds_raw_stress": 33.82500074765694,
    "generated_mds_raw_stress": 48.76738189815993,
    "html_path": "D:\\new\\models\\hic2fish_demo_retrained\\HiC2FISH-demo\\output\\centroid_3d_comparison.html"
  }
}